{
  "generated_at": "2025-11-30T12:25:42.837647",
  "threshold": 0.6,
  "matrix": {
    "hte-doc-000": {
      "hte-doc-001": 0.09801212938005391,
      "hte-doc-002": 0.18134469696969696,
      "hte-doc-003": 0.09829761361909103,
      "hte-doc-004": 0.1172008547008547,
      "hte-doc-005": 0.11518929643929644,
      "feature-2025-001": 0.05601190476190476,
      "feature-2025-002": 0.07327380952380952,
      "strategy-2025-001": 0.1539199914199914,
      "hte-framework-001": 0.04505661596216664
    },
    "hte-doc-001": {
      "hte-doc-000": 0.09801212938005391,
      "hte-doc-002": 0.09881233153638813,
      "hte-doc-003": 0.13593763821318,
      "hte-doc-004": 0.21919761273209548,
      "hte-doc-005": 0.18711810305517557,
      "feature-2025-001": 0.08392857142857142,
      "feature-2025-002": 0.03362068965517241,
      "strategy-2025-001": 0.09583527739301596,
      "hte-framework-001": 0.09416445623342176
    },
    "hte-doc-002": {
      "hte-doc-000": 0.18134469696969696,
      "hte-doc-001": 0.09881233153638813,
      "hte-doc-003": 0.15883053221288515,
      "hte-doc-004": 0.1217391304347826,
      "hte-doc-005": 0.12368492088760917,
      "feature-2025-001": 0.03236651285431773,
      "feature-2025-002": 0.03218870346598203,
      "strategy-2025-001": 0.08547789419882443,
      "hte-framework-001": 0.03820754716981132
    },
    "hte-doc-003": {
      "hte-doc-000": 0.09829761361909103,
      "hte-doc-001": 0.13593763821318,
      "hte-doc-002": 0.15883053221288515,
      "hte-doc-004": 0.07711538461538461,
      "hte-doc-005": 0.10759803921568628,
      "feature-2025-001": 0.02625,
      "feature-2025-002": 0.02625,
      "strategy-2025-001": 0.07166666666666666,
      "hte-framework-001": 0.05929487179487179
    },
    "hte-doc-004": {
      "hte-doc-000": 0.1172008547008547,
      "hte-doc-001": 0.21919761273209548,
      "hte-doc-002": 0.1217391304347826,
      "hte-doc-003": 0.07711538461538461,
      "hte-doc-005": 0.1669774755009507,
      "feature-2025-001": 0.08499999999999999,
      "feature-2025-002": 0.04392857142857143,
      "strategy-2025-001": 0.07069767441860464,
      "hte-framework-001": 0.057692307692307696
    },
    "hte-doc-005": {
      "hte-doc-000": 0.11518929643929644,
      "hte-doc-001": 0.18711810305517557,
      "hte-doc-002": 0.12368492088760917,
      "hte-doc-003": 0.10759803921568628,
      "hte-doc-004": 0.1669774755009507,
      "feature-2025-001": 0.10914634146341462,
      "feature-2025-002": 0.04195884146341463,
      "strategy-2025-001": 0.12209703075291622,
      "hte-framework-001": 0.08766846361185984
    },
    "feature-2025-001": {
      "hte-doc-000": 0.05601190476190476,
      "hte-doc-001": 0.08392857142857142,
      "hte-doc-002": 0.03236651285431773,
      "hte-doc-003": 0.02625,
      "hte-doc-004": 0.08499999999999999,
      "hte-doc-005": 0.10914634146341462,
      "feature-2025-002": 0.5291666666666667,
      "strategy-2025-001": 0.036206896551724134,
      "hte-framework-001": 0.0
    },
    "feature-2025-002": {
      "hte-doc-000": 0.07327380952380952,
      "hte-doc-001": 0.03362068965517241,
      "hte-doc-002": 0.03218870346598203,
      "hte-doc-003": 0.02625,
      "hte-doc-004": 0.04392857142857143,
      "hte-doc-005": 0.04195884146341463,
      "feature-2025-001": 0.5291666666666667,
      "strategy-2025-001": 0.061206896551724135,
      "hte-framework-001": 0.075
    },
    "strategy-2025-001": {
      "hte-doc-000": 0.1539199914199914,
      "hte-doc-001": 0.09583527739301596,
      "hte-doc-002": 0.08547789419882443,
      "hte-doc-003": 0.07166666666666666,
      "hte-doc-004": 0.07069767441860464,
      "hte-doc-005": 0.12209703075291622,
      "feature-2025-001": 0.036206896551724134,
      "feature-2025-002": 0.061206896551724135,
      "hte-framework-001": 0.07838269454123112
    },
    "hte-framework-001": {
      "hte-doc-000": 0.04505661596216664,
      "hte-doc-001": 0.09416445623342176,
      "hte-doc-002": 0.03820754716981132,
      "hte-doc-003": 0.05929487179487179,
      "hte-doc-004": 0.057692307692307696,
      "hte-doc-005": 0.08766846361185984,
      "feature-2025-001": 0.0,
      "feature-2025-002": 0.075,
      "strategy-2025-001": 0.07838269454123112
    }
  }
}